Client_ID,Age,Gender,Location,Mobile_Money_Txns,Airtime_Spend_ZWL,Utility_Payments_ZWL,Farming_Inputs_ZWL,Social_Media_Score,Loan_Repayment_History,Credit_Score
ZW0001,56,Male,Bulawayo,179,527,1352,1761,0.67,Poor,1.0
ZW0002,46,Female,Chiredzi,62,551,395,1801,0.64,Excellent,1.0
ZW0003,32,Female,Bulawayo,273,711,339,98,0.34,Excellent,1.0
ZW0004,60,Female,Bulawayo,149,949,482,1482,0.68,Poor,1.0
ZW0005,25,Male,Masvingo,79,918,511,1546,0.76,Poor,0.95
ZW0006,38,Male,Bulawayo,170,240,945,1620,0.9,Good,1.0
ZW0007,56,Male,Chinhoyi,24,182,476,404,0.31,Fair,0.68
ZW0008,36,Male,Mutare,285,276,260,1237,0.74,Fair,1.0
ZW0009,40,Male,Harare,149,297,251,684,0.64,Poor,0.74
ZW0010,28,Male,Gweru,286,723,352,902,0.56,Poor,1.0
ZW0011,28,Male,Chinhoyi,197,667,743,502,0.38,Excellent,1.0
ZW0012,41,Male,Harare,272,790,766,1744,0.55,Poor,1.0
ZW0013,53,Female,Chiredzi,75,520,821,1471,0.51,Excellent,1.0
ZW0014,57,Female,Chiredzi,102,500,1400,893,0.48,Poor,0.97
ZW0015,41,Male,Chiredzi,118,797,513,1599,0.74,Good,1.0
ZW0016,20,Male,Chinhoyi,168,570,1006,257,0.72,Good,1.0
ZW0017,39,Female,Chinhoyi,175,317,1047,843,0.65,Excellent,1.0
ZW0018,19,Male,Gweru,209,927,296,120,0.86,Fair,1.0
ZW0019,41,Male,Mutare,282,828,1080,809,0.51,Good,1.0
ZW0020,61,Male,Gokwe,99,731,1436,977,0.45,Excellent,1.0
ZW0021,47,Female,Bulawayo,271,274,1028,53,0.69,Poor,0.96
ZW0022,55,Female,Chiredzi,116,122,336,1018,0.42,Poor,0.7
ZW0023,19,Female,Masvingo,279,824,1229,1354,0.49,Excellent,1.0
ZW0024,38,Female,Mutare,279,334,1210,783,0.43,Fair,1.0
ZW0025,50,Female,Masvingo,122,112,308,240,0.34,Excellent,0.81
ZW0026,29,Male,Gweru,59,200,746,1778,0.8,Excellent,1.0
ZW0027,39,Female,Gweru,292,635,1262,1553,0.45,Good,1.0
ZW0028,61,Male,Gweru,120,975,861,482,0.58,Excellent,1.0
ZW0029,42,Male,Harare,240,622,624,1012,0.33,Excellent,1.0
ZW0030,44,Female,Masvingo,143,884,829,186,0.72,Poor,0.93
ZW0031,59,Female,Mutare,250,551,460,1881,0.5,Good,1.0
ZW0032,45,Male,Gokwe,197,530,286,655,0.75,Poor,0.85
ZW0033,33,Male,Mutare,82,892,664,261,0.55,Poor,0.82
ZW0034,32,Male,Chinhoyi,135,705,275,952,0.42,Fair,0.92
ZW0035,64,Female,Chinhoyi,210,812,670,1387,0.61,Fair,1.0
ZW0036,61,Female,Chiredzi,81,632,613,490,0.38,Good,0.92
ZW0037,20,Female,Gokwe,275,951,1024,430,0.56,Good,1.0
ZW0038,54,Female,Chinhoyi,26,822,1094,238,0.49,Fair,0.93
ZW0039,24,Female,Gweru,174,751,925,303,0.85,Fair,1.0
ZW0040,38,Male,Mutare,111,392,656,297,0.34,Fair,0.83
ZW0041,26,Female,Masvingo,33,909,1462,75,0.72,Fair,1.0
ZW0042,56,Male,Gweru,248,200,852,1723,0.41,Fair,1.0
ZW0043,35,Male,Harare,105,601,871,1356,0.49,Poor,0.93
ZW0044,21,Male,Chinhoyi,152,403,694,1923,0.55,Good,1.0
ZW0045,42,Female,Gweru,202,970,1268,998,0.84,Poor,1.0
ZW0046,31,Female,Gweru,81,639,1470,1781,0.45,Poor,1.0
ZW0047,26,Female,Harare,238,652,796,641,0.35,Excellent,1.0
ZW0048,43,Male,Bulawayo,265,454,649,1497,0.49,Poor,1.0
ZW0049,19,Male,Mutare,249,402,684,826,0.36,Fair,1.0
ZW0050,37,Male,Masvingo,98,595,845,1946,0.38,Fair,1.0
ZW0051,45,Male,Chiredzi,168,757,819,282,0.64,Excellent,1.0
ZW0052,64,Male,Bulawayo,157,867,1241,590,0.34,Excellent,1.0
ZW0053,24,Male,Chinhoyi,84,326,861,71,0.32,Excellent,0.91
ZW0054,61,Female,Gweru,32,335,957,1286,0.73,Excellent,1.0
ZW0055,25,Female,Gokwe,232,972,488,702,0.52,Excellent,1.0
ZW0056,64,Female,Harare,261,991,920,1902,0.38,Poor,1.0
ZW0057,52,Female,Harare,232,554,837,1910,0.45,Excellent,1.0
ZW0058,31,Male,Gokwe,200,112,434,1965,0.69,Poor,0.92
ZW0059,34,Male,Mutare,192,309,615,574,0.47,Good,0.98
ZW0060,53,Female,Bulawayo,179,840,1137,999,0.6,Excellent,1.0
ZW0061,57,Male,Chiredzi,183,496,698,891,0.37,Excellent,1.0
ZW0062,21,Female,Mutare,207,199,1173,11,0.65,Poor,0.9
ZW0063,19,Female,Gokwe,210,130,833,140,0.49,Good,0.97
ZW0064,23,Female,Gweru,275,997,1219,1789,0.68,Poor,1.0
ZW0065,59,Male,Gokwe,202,627,314,1578,0.79,Poor,0.98
ZW0066,21,Female,Mutare,136,748,1131,16,0.67,Excellent,1.0
ZW0067,46,Female,Masvingo,215,428,873,1086,0.48,Fair,1.0
ZW0068,35,Female,Harare,53,265,1457,252,0.45,Fair,0.92
ZW0069,43,Male,Harare,71,558,1234,464,0.5,Poor,0.88
ZW0070,61,Male,Chinhoyi,131,921,405,375,0.4,Excellent,1.0
ZW0071,51,Female,Chinhoyi,271,199,446,1827,0.41,Good,1.0
ZW0072,27,Male,Gokwe,101,720,957,980,0.77,Fair,1.0
ZW0073,53,Male,Chiredzi,251,954,1350,519,0.53,Good,1.0
ZW0074,31,Male,Gweru,246,272,346,1860,0.56,Fair,1.0
ZW0075,48,Male,Masvingo,252,848,317,89,0.66,Excellent,1.0
ZW0076,32,Male,Bulawayo,240,261,611,719,0.65,Poor,0.9
ZW0077,25,Male,Mutare,61,827,562,803,0.34,Good,0.95
ZW0078,31,Male,Chiredzi,40,875,336,795,0.8,Good,0.94
ZW0079,40,Male,Gweru,61,362,1398,629,0.41,Poor,0.87
ZW0080,57,Male,Chinhoyi,132,903,1157,1884,0.73,Good,1.0
ZW0081,38,Male,Gokwe,124,373,218,1198,0.76,Fair,0.89
ZW0082,33,Female,Mutare,211,102,394,75,0.73,Poor,0.74
ZW0083,62,Female,Chinhoyi,36,127,529,1636,0.65,Fair,0.85
ZW0084,35,Male,Gokwe,139,425,374,925,0.31,Fair,0.87
ZW0085,64,Female,Mutare,148,248,1201,1686,0.52,Excellent,1.0
ZW0086,41,Female,Bulawayo,149,639,648,399,0.66,Fair,0.96
ZW0087,43,Male,Gweru,79,587,1145,1805,0.53,Excellent,1.0
ZW0088,42,Male,Mutare,67,921,340,969,0.82,Good,1.0
ZW0089,62,Male,Masvingo,48,537,957,1094,0.49,Good,1.0
ZW0090,58,Female,Chiredzi,116,164,1129,1203,0.48,Excellent,1.0
ZW0091,46,Female,Harare,29,455,292,1147,0.46,Fair,0.79
ZW0092,32,Male,Masvingo,261,632,438,1404,0.5,Poor,1.0
ZW0093,62,Male,Masvingo,251,351,404,1316,0.63,Poor,0.95
ZW0094,18,Male,Chiredzi,296,334,759,796,0.72,Excellent,1.0
ZW0095,42,Female,Harare,222,326,444,194,0.7,Good,0.97
ZW0096,24,Female,Masvingo,266,624,1031,1934,0.78,Good,1.0
ZW0097,26,Female,Mutare,283,412,1124,227,0.83,Poor,1.0
ZW0098,41,Female,Mutare,233,148,494,1454,0.79,Excellent,1.0
ZW0099,18,Male,Mutare,219,217,839,1965,0.31,Poor,1.0
ZW0100,61,Male,Harare,98,153,1055,1459,0.74,Fair,1.0
ZW0101,25,Male,Masvingo,192,749,216,1810,0.43,Fair,1.0
ZW0102,41,Male,Gokwe,88,664,270,460,0.38,Excellent,0.91
ZW0103,28,Female,Harare,106,143,1492,617,0.68,Excellent,1.0
ZW0104,34,Female,Mutare,120,914,504,1044,0.49,Fair,1.0
ZW0105,25,Male,Chiredzi,27,152,1230,63,0.33,Good,0.84
ZW0106,52,Male,Masvingo,219,685,1016,164,0.38,Excellent,1.0
ZW0107,52,Female,Masvingo,106,657,1326,26,0.3,Fair,0.99
ZW0108,50,Male,Chinhoyi,62,624,1020,1334,0.84,Fair,1.0
ZW0109,22,Female,Chinhoyi,128,776,392,1011,0.31,Good,0.99
ZW0110,59,Male,Bulawayo,171,201,728,284,0.43,Good,0.93
ZW0111,56,Male,Gokwe,36,891,370,1683,0.55,Good,1.0
ZW0112,58,Male,Gokwe,152,869,450,280,0.51,Good,0.99
ZW0113,45,Male,Gweru,167,948,1430,837,0.85,Poor,1.0
ZW0114,24,Male,Gokwe,296,967,740,830,0.32,Good,1.0
ZW0115,26,Male,Chinhoyi,251,497,615,1187,0.61,Poor,1.0
ZW0116,25,Male,Harare,247,237,993,1921,0.71,Excellent,1.0
ZW0117,29,Female,Gokwe,158,774,1367,917,0.86,Fair,1.0
ZW0118,51,Female,Chinhoyi,230,486,224,223,0.67,Poor,0.81
ZW0119,50,Female,Bulawayo,47,210,867,783,0.78,Excellent,0.97
ZW0120,40,Female,Masvingo,70,713,1296,1169,0.35,Excellent,1.0
ZW0121,41,Female,Gokwe,280,116,831,964,0.53,Poor,0.97
ZW0122,54,Male,Bulawayo,280,879,1316,949,0.52,Excellent,1.0
ZW0123,52,Male,Masvingo,27,281,704,1891,0.83,Excellent,1.0
ZW0124,61,Female,Chiredzi,157,983,535,1053,0.39,Poor,0.95
ZW0125,57,Male,Chiredzi,57,635,624,44,0.39,Excellent,0.9
ZW0126,39,Female,Masvingo,130,640,698,1810,0.5,Good,1.0
ZW0127,44,Female,Gokwe,239,270,1146,470,0.33,Good,1.0
ZW0128,52,Male,Gweru,242,508,829,33,0.41,Fair,1.0
ZW0129,18,Male,Chinhoyi,155,839,1422,652,0.88,Excellent,1.0
ZW0130,52,Male,Harare,275,477,917,1450,0.56,Fair,1.0
ZW0131,54,Female,Harare,68,287,538,829,0.68,Good,0.88
ZW0132,64,Male,Mutare,97,957,858,1909,0.74,Good,1.0
ZW0133,31,Female,Masvingo,124,329,1161,220,0.52,Good,1.0
ZW0134,20,Female,Harare,188,932,628,1891,0.39,Excellent,1.0
ZW0135,18,Female,Gokwe,236,951,1098,533,0.42,Excellent,1.0
ZW0136,22,Male,Gweru,138,218,338,691,0.49,Good,0.87
ZW0137,43,Male,Masvingo,209,255,1141,1971,0.68,Fair,1.0
ZW0138,31,Female,Gweru,274,883,741,1390,0.54,Fair,1.0
ZW0139,56,Male,Gokwe,285,786,256,931,0.3,Poor,0.97
ZW0140,44,Male,Harare,168,564,1455,840,0.61,Good,1.0
ZW0141,26,Male,Harare,183,203,857,1766,0.85,Fair,1.0
ZW0142,32,Female,Mutare,159,703,634,1010,0.79,Good,1.0
ZW0143,32,Female,Harare,277,797,583,1938,0.8,Fair,1.0
ZW0144,43,Male,Masvingo,288,894,759,1573,0.78,Poor,1.0
ZW0145,59,Female,Gokwe,200,601,393,581,0.49,Poor,0.86
ZW0146,30,Male,Chiredzi,179,792,733,1139,0.76,Good,1.0
ZW0147,49,Male,Gokwe,245,781,717,238,0.39,Fair,1.0
ZW0148,56,Male,Masvingo,30,798,915,1358,0.69,Excellent,1.0
ZW0149,49,Male,Masvingo,29,274,950,440,0.68,Poor,0.74
ZW0150,21,Female,Mutare,290,833,384,147,0.32,Good,1.0
ZW0151,47,Female,Mutare,292,844,491,1032,0.77,Good,1.0
ZW0152,54,Female,Harare,202,773,931,1311,0.84,Fair,1.0
ZW0153,40,Male,Bulawayo,172,520,315,387,0.46,Good,0.92
ZW0154,56,Male,Gokwe,143,233,1024,1073,0.79,Poor,0.93
ZW0155,62,Male,Gokwe,133,490,1272,1873,0.35,Good,1.0
ZW0156,32,Female,Bulawayo,297,835,884,1540,0.66,Good,1.0
ZW0157,60,Male,Mutare,232,600,281,915,0.59,Excellent,1.0
ZW0158,46,Female,Harare,191,764,1033,1878,0.63,Excellent,1.0
ZW0159,53,Female,Bulawayo,193,132,532,637,0.86,Poor,0.83
ZW0160,30,Female,Harare,132,154,756,1610,0.82,Fair,1.0
ZW0161,49,Female,Harare,141,618,534,1700,0.77,Excellent,1.0
ZW0162,24,Female,Harare,51,855,731,277,0.46,Fair,0.89
ZW0163,39,Female,Chinhoyi,241,924,420,1977,0.85,Poor,1.0
ZW0164,45,Male,Masvingo,138,737,834,1859,0.36,Excellent,1.0
ZW0165,19,Male,Harare,58,111,522,988,0.81,Fair,0.81
ZW0166,59,Female,Chinhoyi,287,627,202,1323,0.5,Excellent,1.0
ZW0167,62,Female,Mutare,252,819,405,1825,0.33,Poor,1.0
ZW0168,23,Male,Bulawayo,37,654,239,588,0.7,Poor,0.69
ZW0169,45,Female,Masvingo,168,472,258,1833,0.44,Excellent,1.0
ZW0170,45,Female,Chiredzi,168,583,1150,648,0.45,Fair,1.0
ZW0171,61,Male,Bulawayo,145,746,773,617,0.48,Good,1.0
ZW0172,61,Female,Masvingo,257,327,843,1630,0.34,Good,1.0
ZW0173,37,Female,Chiredzi,154,722,1042,134,0.41,Excellent,1.0
ZW0174,47,Female,Bulawayo,170,406,1345,579,0.3,Fair,1.0
ZW0175,28,Male,Masvingo,255,556,818,1170,0.57,Good,1.0
ZW0176,45,Male,Bulawayo,243,259,295,489,0.35,Poor,0.79
ZW0177,42,Male,Bulawayo,222,430,1458,477,0.71,Fair,1.0
ZW0178,56,Female,Chiredzi,275,875,1097,1182,0.44,Good,1.0
ZW0179,50,Female,Bulawayo,105,324,1285,383,0.87,Fair,1.0
ZW0180,18,Male,Bulawayo,169,828,1479,162,0.82,Excellent,1.0
ZW0181,44,Female,Chiredzi,254,603,760,440,0.47,Fair,1.0
ZW0182,30,Female,Mutare,41,555,1104,1876,0.77,Good,1.0
ZW0183,58,Female,Harare,288,144,547,1212,0.78,Excellent,1.0
ZW0184,20,Female,Gokwe,277,313,870,414,0.89,Fair,1.0
ZW0185,56,Female,Gweru,48,158,1347,1362,0.66,Poor,0.9
ZW0186,23,Male,Chinhoyi,232,743,516,1630,0.35,Good,1.0
ZW0187,25,Female,Gweru,69,715,918,1204,0.69,Excellent,1.0
ZW0188,44,Male,Gweru,114,294,1271,287,0.67,Fair,0.97
ZW0189,26,Female,Masvingo,107,588,1359,1857,0.68,Poor,1.0
ZW0190,54,Male,Harare,63,256,1424,186,0.48,Good,0.97
ZW0191,50,Female,Masvingo,297,709,449,1907,0.82,Poor,1.0
ZW0192,59,Male,Harare,190,325,513,1161,0.88,Fair,1.0
ZW0193,61,Female,Chiredzi,208,511,1006,129,0.43,Fair,1.0
ZW0194,41,Male,Chiredzi,203,304,684,193,0.35,Excellent,1.0
ZW0195,32,Female,Gokwe,22,178,1434,315,0.42,Poor,0.77
ZW0196,49,Male,Harare,210,223,243,1808,0.79,Excellent,1.0
ZW0197,49,Female,Bulawayo,137,570,770,1887,0.71,Good,1.0
ZW0198,41,Male,Mutare,38,317,782,143,0.68,Excellent,0.89
ZW0199,58,Male,Gokwe,42,615,1315,15,0.54,Good,0.98
ZW0200,29,Female,Gokwe,49,701,1488,1325,0.65,Fair,1.0
ZW0201,56,Female,Bulawayo,127,203,1094,422,0.48,Fair,0.93
ZW0202,19,Male,Mutare,147,492,419,244,0.59,Poor,0.76
ZW0203,20,Female,Masvingo,248,730,1124,926,0.78,Good,1.0
ZW0204,54,Male,Mutare,130,744,600,1130,0.89,Fair,1.0
ZW0205,34,Male,Masvingo,155,923,926,1111,0.86,Poor,1.0
ZW0206,19,Male,Chiredzi,205,707,1190,128,0.86,Poor,1.0
ZW0207,19,Female,Gweru,163,533,1098,906,0.54,Excellent,1.0
ZW0208,45,Male,Chiredzi,91,430,1057,886,0.58,Poor,0.89
ZW0209,40,Male,Chiredzi,148,242,1003,340,0.72,Fair,0.95
ZW0210,54,Female,Gweru,280,899,689,3,0.85,Excellent,1.0
ZW0211,49,Female,Mutare,22,639,1137,1350,0.39,Good,1.0
ZW0212,50,Female,Gokwe,123,377,1043,1433,0.48,Good,1.0
ZW0213,18,Female,Mutare,243,332,1492,1902,0.38,Fair,1.0
ZW0214,36,Male,Masvingo,29,628,466,305,0.67,Fair,0.8
ZW0215,19,Male,Bulawayo,250,670,253,907,0.48,Excellent,1.0
ZW0216,61,Male,Masvingo,238,189,727,606,0.5,Excellent,1.0
ZW0217,43,Male,Bulawayo,85,591,815,1744,0.34,Fair,1.0
ZW0218,49,Female,Chiredzi,131,298,1282,1248,0.51,Fair,1.0
ZW0219,23,Male,Gweru,32,461,1263,1994,0.82,Good,1.0
ZW0220,49,Male,Chiredzi,105,540,1460,1371,0.44,Good,1.0
ZW0221,21,Female,Harare,253,125,1154,991,0.72,Good,1.0
ZW0222,28,Male,Mutare,109,124,585,320,0.68,Fair,0.8
ZW0223,34,Male,Bulawayo,73,493,933,558,0.82,Poor,0.85
ZW0224,55,Male,Masvingo,31,606,915,1204,0.38,Fair,0.94
ZW0225,41,Male,Gweru,228,400,849,617,0.89,Fair,1.0
ZW0226,22,Male,Bulawayo,33,438,499,710,0.65,Good,0.86
ZW0227,51,Male,Masvingo,140,366,594,1409,0.9,Fair,1.0
ZW0228,23,Female,Mutare,39,560,1430,1641,0.85,Excellent,1.0
ZW0229,39,Female,Chiredzi,94,792,792,1815,0.43,Fair,1.0
ZW0230,28,Male,Mutare,262,555,713,1795,0.33,Fair,1.0
ZW0231,33,Male,Chinhoyi,242,459,1401,1131,0.45,Fair,1.0
ZW0232,50,Female,Harare,89,167,595,530,0.62,Fair,0.81
ZW0233,26,Male,Chinhoyi,230,962,570,409,0.4,Poor,0.97
ZW0234,23,Male,Gweru,120,511,1057,1994,0.4,Fair,1.0
ZW0235,33,Male,Bulawayo,205,590,990,1319,0.58,Excellent,1.0
ZW0236,46,Female,Gweru,151,932,857,817,0.32,Excellent,1.0
ZW0237,20,Male,Chiredzi,130,148,935,1194,0.37,Fair,0.95
ZW0238,37,Female,Masvingo,151,786,583,1354,0.55,Good,1.0
ZW0239,53,Male,Mutare,39,663,261,492,0.34,Poor,0.66
ZW0240,36,Female,Chinhoyi,43,201,704,1218,0.54,Fair,0.85
ZW0241,43,Female,Gokwe,246,315,438,11,0.58,Fair,0.91
ZW0242,20,Male,Chinhoyi,173,537,394,194,0.57,Fair,0.89
ZW0243,36,Female,Chiredzi,249,799,877,489,0.82,Good,1.0
ZW0244,37,Male,Chinhoyi,221,668,1445,794,0.62,Good,1.0
ZW0245,49,Female,Chiredzi,57,658,260,880,0.58,Good,0.89
ZW0246,24,Male,Gokwe,279,258,1352,181,0.55,Poor,1.0
ZW0247,58,Male,Gweru,207,588,1189,961,0.79,Excellent,1.0
ZW0248,50,Female,Mutare,76,785,884,1840,0.84,Poor,1.0
ZW0249,57,Male,Bulawayo,39,341,355,655,0.81,Good,0.82
ZW0250,56,Male,Masvingo,292,893,1122,1921,0.7,Excellent,1.0
ZW0251,35,Female,Bulawayo,138,852,1067,1339,0.38,Excellent,1.0
ZW0252,57,Male,Gweru,90,981,1102,693,0.47,Good,1.0
ZW0253,18,Male,Masvingo,23,104,1198,29,0.33,Good,0.82
ZW0254,28,Female,Chinhoyi,240,695,1174,1619,0.86,Poor,1.0
ZW0255,45,Female,Gokwe,33,919,1430,1701,0.7,Good,1.0
ZW0256,42,Male,Gokwe,22,460,587,1819,0.75,Excellent,1.0
ZW0257,40,Male,Harare,235,558,1086,1816,0.49,Fair,1.0
ZW0258,48,Female,Gweru,248,347,1037,1119,0.81,Good,1.0
ZW0259,47,Female,Gweru,205,665,539,1404,0.46,Good,1.0
ZW0260,59,Male,Mutare,74,772,403,777,0.3,Poor,0.77
ZW0261,52,Female,Bulawayo,273,521,360,443,0.53,Poor,0.9
ZW0262,24,Male,Gweru,43,837,591,297,0.64,Good,0.92
ZW0263,33,Male,Gweru,181,114,968,807,0.59,Excellent,1.0
ZW0264,43,Male,Chinhoyi,177,835,774,1760,0.82,Excellent,1.0
ZW0265,19,Male,Chinhoyi,101,672,733,844,0.36,Fair,0.95
ZW0266,18,Male,Masvingo,178,221,1293,1015,0.63,Good,1.0
ZW0267,29,Female,Chiredzi,207,376,1092,1384,0.61,Poor,1.0
ZW0268,22,Female,Chiredzi,79,657,604,1397,0.47,Excellent,1.0
ZW0269,54,Female,Harare,230,552,807,553,0.79,Fair,1.0
ZW0270,49,Female,Chiredzi,171,489,1027,302,0.75,Good,1.0
ZW0271,26,Male,Mutare,128,393,1343,420,0.74,Excellent,1.0
ZW0272,58,Male,Harare,95,673,889,1269,0.83,Good,1.0
ZW0273,52,Male,Masvingo,49,697,1101,1743,0.73,Good,1.0
ZW0274,36,Male,Chinhoyi,136,545,1440,1260,0.44,Excellent,1.0
ZW0275,33,Female,Chiredzi,211,309,255,1557,0.72,Excellent,1.0
ZW0276,20,Male,Bulawayo,38,689,565,184,0.48,Excellent,0.91
ZW0277,37,Male,Chinhoyi,192,813,654,467,0.45,Good,1.0
ZW0278,41,Female,Gokwe,247,401,303,753,0.34,Good,1.0
ZW0279,50,Female,Mutare,202,322,276,362,0.75,Fair,0.88
ZW0280,41,Female,Chinhoyi,132,833,429,1306,0.73,Poor,0.94
ZW0281,28,Female,Mutare,202,102,1481,1576,0.44,Good,1.0
ZW0282,25,Male,Mutare,165,617,1487,335,0.75,Poor,1.0
ZW0283,53,Male,Mutare,135,192,530,161,0.85,Excellent,0.93
ZW0284,55,Female,Masvingo,132,619,1405,1183,0.36,Good,1.0
ZW0285,57,Male,Mutare,270,527,1092,1497,0.44,Fair,1.0
ZW0286,37,Male,Mutare,270,592,887,1624,0.75,Fair,1.0
ZW0287,52,Male,Gokwe,137,334,226,1345,0.46,Poor,0.78
ZW0288,42,Female,Bulawayo,180,719,1499,11,0.67,Excellent,1.0
ZW0289,52,Male,Harare,217,260,498,1447,0.35,Poor,0.9
ZW0290,42,Female,Gweru,279,820,1156,1096,0.57,Excellent,1.0
ZW0291,46,Male,Gokwe,167,851,998,587,0.74,Fair,1.0
ZW0292,35,Male,Harare,259,430,1314,1881,0.71,Poor,1.0
ZW0293,63,Male,Mutare,66,432,679,200,0.79,Fair,0.84
ZW0294,35,Female,Bulawayo,217,149,772,521,0.83,Fair,0.99
ZW0295,19,Male,Chinhoyi,66,622,657,1887,0.76,Excellent,1.0
ZW0296,52,Female,Bulawayo,97,962,564,504,0.7,Poor,0.87
ZW0297,33,Female,Gokwe,143,767,1058,1761,0.32,Poor,1.0
ZW0298,58,Female,Mutare,94,591,550,1711,0.62,Fair,1.0
ZW0299,53,Male,Bulawayo,156,681,452,787,0.32,Fair,0.94
ZW0300,50,Male,Chiredzi,109,780,980,1062,0.78,Excellent,1.0
ZW0301,21,Male,Bulawayo,80,371,1002,59,0.49,Good,0.91
ZW0302,50,Male,Mutare,157,679,1211,577,0.64,Good,1.0
ZW0303,31,Female,Masvingo,69,966,658,320,0.47,Fair,0.92
ZW0304,38,Female,Chiredzi,278,351,1116,1458,0.77,Good,1.0
ZW0305,37,Female,Bulawayo,126,659,698,1659,0.83,Good,1.0
ZW0306,25,Male,Gweru,132,795,1149,1699,0.54,Good,1.0
ZW0307,24,Female,Gweru,273,931,707,1431,0.82,Good,1.0
ZW0308,20,Male,Bulawayo,137,798,700,922,0.46,Fair,1.0
ZW0309,34,Female,Masvingo,217,189,1002,1409,0.62,Good,1.0
ZW0310,50,Male,Chinhoyi,70,545,797,1694,0.82,Good,1.0
ZW0311,29,Male,Mutare,264,431,365,568,0.5,Excellent,1.0
ZW0312,39,Female,Gweru,54,238,661,1101,0.87,Fair,0.88
ZW0313,39,Female,Chinhoyi,88,456,1119,1217,0.37,Poor,0.91
ZW0314,63,Female,Bulawayo,68,700,313,1308,0.31,Poor,0.78
ZW0315,47,Female,Gokwe,93,373,1191,526,0.84,Excellent,1.0
ZW0316,55,Male,Chinhoyi,211,118,406,523,0.34,Excellent,0.95
ZW0317,55,Female,Chiredzi,280,410,1458,612,0.9,Fair,1.0
ZW0318,62,Female,Harare,89,969,714,1179,0.87,Poor,0.98
ZW0319,25,Female,Gweru,109,985,1431,1363,0.38,Good,1.0
ZW0320,44,Male,Bulawayo,279,253,908,124,0.62,Excellent,1.0
ZW0321,44,Male,Gokwe,145,489,1348,870,0.41,Poor,0.99
ZW0322,51,Female,Mutare,250,359,337,279,0.56,Fair,0.92
ZW0323,38,Male,Gokwe,148,719,538,916,0.34,Good,1.0
ZW0324,47,Female,Masvingo,299,982,736,1929,0.43,Fair,1.0
ZW0325,50,Male,Chiredzi,119,896,267,621,0.52,Excellent,1.0
ZW0326,45,Male,Bulawayo,201,670,582,845,0.56,Poor,0.94
ZW0327,64,Male,Mutare,193,224,218,1892,0.89,Poor,0.91
ZW0328,50,Male,Masvingo,207,453,882,1681,0.78,Poor,1.0
ZW0329,22,Female,Masvingo,76,372,273,1751,0.74,Poor,0.8
ZW0330,36,Female,Bulawayo,50,718,772,1933,0.62,Good,1.0
ZW0331,21,Female,Chiredzi,103,910,1138,673,0.8,Good,1.0
ZW0332,52,Male,Chinhoyi,171,344,1499,1151,0.5,Fair,1.0
ZW0333,34,Female,Chinhoyi,55,947,1271,313,0.73,Good,1.0
ZW0334,61,Female,Masvingo,232,549,410,331,0.9,Excellent,1.0
ZW0335,45,Female,Chinhoyi,125,346,1054,1173,0.49,Excellent,1.0
ZW0336,47,Male,Harare,239,619,850,1477,0.7,Poor,1.0
ZW0337,46,Male,Masvingo,182,240,1193,35,0.81,Excellent,1.0
ZW0338,63,Male,Masvingo,239,461,894,1708,0.85,Fair,1.0
ZW0339,23,Female,Mutare,289,107,739,1443,0.73,Good,1.0
ZW0340,52,Female,Chinhoyi,139,577,1414,1045,0.47,Good,1.0
ZW0341,58,Female,Chiredzi,201,451,1100,205,0.5,Good,1.0
ZW0342,54,Male,Masvingo,125,594,979,638,0.31,Excellent,1.0
ZW0343,41,Male,Gokwe,236,705,1336,847,0.76,Good,1.0
ZW0344,46,Female,Chiredzi,224,932,369,1980,0.33,Poor,1.0
ZW0345,63,Male,Harare,89,526,1237,1379,0.82,Poor,1.0
ZW0346,48,Male,Mutare,63,138,487,439,0.37,Poor,0.62
ZW0347,52,Male,Bulawayo,247,692,388,728,0.4,Excellent,1.0
ZW0348,50,Male,Chiredzi,203,286,1113,1119,0.59,Good,1.0
ZW0349,38,Female,Masvingo,126,695,1378,1952,0.74,Excellent,1.0
ZW0350,49,Male,Harare,103,699,893,940,0.38,Good,1.0
ZW0351,40,Male,Gweru,269,853,1087,163,0.56,Fair,1.0
ZW0352,50,Male,Harare,40,953,670,147,0.59,Fair,0.89
ZW0353,20,Male,Harare,215,192,1298,1553,0.43,Excellent,1.0
ZW0354,35,Female,Mutare,197,185,476,293,0.37,Poor,0.75
ZW0355,42,Female,Bulawayo,26,143,1139,194,0.8,Excellent,0.93
ZW0356,59,Male,Gweru,89,236,770,662,0.6,Poor,0.77
ZW0357,48,Male,Chinhoyi,146,520,1056,479,0.31,Good,1.0
ZW0358,20,Male,Chinhoyi,179,173,1200,1900,0.78,Poor,1.0
ZW0359,57,Male,Chiredzi,267,647,1405,122,0.89,Poor,1.0
ZW0360,63,Male,Harare,222,712,657,1423,0.66,Good,1.0
ZW0361,41,Male,Gokwe,167,611,1117,698,0.6,Fair,1.0
ZW0362,49,Female,Mutare,162,255,1032,964,0.83,Good,1.0
ZW0363,64,Male,Gokwe,218,354,1287,1475,0.87,Excellent,1.0
ZW0364,39,Female,Mutare,173,270,1038,660,0.75,Excellent,1.0
ZW0365,40,Female,Chinhoyi,161,827,1483,1127,0.57,Excellent,1.0
ZW0366,19,Male,Chiredzi,184,269,392,1778,0.66,Excellent,1.0
ZW0367,44,Female,Chiredzi,40,863,815,1485,0.72,Excellent,1.0
ZW0368,59,Female,Chiredzi,101,971,605,1766,0.42,Fair,1.0
ZW0369,19,Female,Gweru,88,421,1142,1741,0.57,Fair,1.0
ZW0370,43,Female,Bulawayo,150,666,920,709,0.8,Poor,0.97
ZW0371,34,Female,Gweru,106,555,292,395,0.69,Excellent,0.93
ZW0372,57,Female,Masvingo,237,702,629,911,0.55,Good,1.0
ZW0373,50,Male,Masvingo,180,889,853,1360,0.7,Excellent,1.0
ZW0374,26,Female,Gokwe,197,712,633,1004,0.37,Fair,1.0
ZW0375,60,Female,Bulawayo,136,254,1335,1622,0.54,Excellent,1.0
ZW0376,56,Female,Chinhoyi,215,988,574,1165,0.78,Fair,1.0
ZW0377,46,Male,Bulawayo,105,448,1282,316,0.43,Poor,0.88
ZW0378,59,Female,Mutare,100,550,1266,1734,0.41,Poor,1.0
ZW0379,43,Male,Masvingo,171,975,406,1581,0.87,Poor,1.0
ZW0380,52,Female,Harare,80,752,979,1823,0.43,Fair,1.0
ZW0381,42,Male,Harare,80,272,1341,1550,0.46,Excellent,1.0
ZW0382,41,Male,Chinhoyi,47,109,731,1579,0.88,Excellent,1.0
ZW0383,30,Female,Mutare,62,839,1445,1424,0.74,Good,1.0
ZW0384,24,Female,Gokwe,188,364,365,680,0.72,Fair,0.92
ZW0385,53,Male,Gweru,105,537,842,1333,0.81,Good,1.0
ZW0386,62,Female,Mutare,196,859,1379,494,0.37,Poor,1.0
ZW0387,37,Male,Harare,36,346,1407,555,0.72,Excellent,1.0
ZW0388,18,Male,Harare,117,766,289,609,0.6,Fair,0.9
ZW0389,25,Male,Gokwe,217,645,1317,1796,0.8,Good,1.0
ZW0390,63,Male,Masvingo,117,598,212,108,0.6,Good,0.85
ZW0391,33,Male,Mutare,84,228,1172,1818,0.67,Good,1.0
ZW0392,31,Female,Mutare,24,771,1004,371,0.59,Excellent,1.0
ZW0393,29,Male,Harare,21,700,1144,854,0.59,Excellent,1.0
ZW0394,40,Male,Gweru,41,704,941,615,0.76,Excellent,1.0
ZW0395,32,Female,Chinhoyi,131,426,1075,767,0.68,Fair,1.0
ZW0396,45,Male,Chiredzi,76,852,1373,1914,0.68,Excellent,1.0
ZW0397,51,Female,Chinhoyi,85,934,859,205,0.57,Fair,0.97
ZW0398,19,Female,Mutare,117,503,1231,846,0.62,Good,1.0
ZW0399,49,Female,Chinhoyi,163,728,1252,42,0.75,Good,1.0
ZW0400,40,Male,Harare,144,705,495,864,0.8,Poor,0.9
ZW0401,39,Male,Harare,186,774,1185,1268,0.72,Excellent,1.0
ZW0402,42,Male,Gokwe,105,710,1125,1310,0.85,Good,1.0
ZW0403,39,Female,Mutare,95,724,839,1378,0.79,Excellent,1.0
ZW0404,39,Male,Gokwe,78,458,539,784,0.64,Fair,0.87
ZW0405,59,Female,Mutare,157,702,827,475,0.7,Good,1.0
ZW0406,23,Male,Chiredzi,118,957,638,82,0.86,Excellent,1.0
ZW0407,32,Female,Chiredzi,211,817,1367,1133,0.67,Good,1.0
ZW0408,60,Male,Masvingo,262,116,1141,1973,0.79,Good,1.0
ZW0409,54,Male,Mutare,68,373,1029,189,0.71,Excellent,0.99
ZW0410,50,Male,Gweru,51,784,718,799,0.63,Good,0.99
ZW0411,25,Female,Chinhoyi,296,215,1175,935,0.45,Good,1.0
ZW0412,61,Female,Mutare,39,960,1268,1932,0.56,Good,1.0
ZW0413,61,Male,Bulawayo,173,792,1154,250,0.88,Good,1.0
ZW0414,22,Male,Masvingo,87,190,1462,1747,0.69,Fair,1.0
ZW0415,56,Female,Bulawayo,233,181,1151,290,0.64,Good,1.0
ZW0416,21,Female,Harare,162,423,1143,1668,0.86,Poor,1.0
ZW0417,23,Female,Chiredzi,251,213,354,1224,0.65,Good,1.0
ZW0418,62,Male,Chinhoyi,232,868,1404,1820,0.62,Excellent,1.0
ZW0419,49,Female,Mutare,98,157,1438,325,0.76,Poor,0.88
ZW0420,47,Male,Bulawayo,233,253,287,1534,0.73,Fair,1.0
ZW0421,64,Female,Chinhoyi,135,976,1479,1432,0.42,Poor,1.0
ZW0422,52,Male,Harare,111,503,1296,1630,0.58,Poor,1.0
ZW0423,57,Female,Chiredzi,289,727,1130,1813,0.58,Poor,1.0
ZW0424,33,Female,Gweru,187,954,378,1985,0.53,Excellent,1.0
ZW0425,30,Female,Masvingo,77,365,411,1964,0.61,Excellent,1.0
ZW0426,59,Female,Chinhoyi,45,414,1457,836,0.55,Excellent,1.0
ZW0427,47,Female,Chinhoyi,85,814,664,507,0.42,Fair,0.92
ZW0428,36,Male,Gweru,267,140,1446,730,0.55,Excellent,1.0
ZW0429,34,Female,Chinhoyi,273,204,830,1624,0.34,Excellent,1.0
ZW0430,36,Female,Harare,63,989,1024,71,0.65,Poor,0.89
ZW0431,45,Female,Harare,116,292,1487,1270,0.81,Excellent,1.0
ZW0432,43,Male,Gweru,61,500,1430,640,0.74,Good,1.0
ZW0433,54,Female,Masvingo,246,377,806,1747,0.52,Excellent,1.0
ZW0434,43,Male,Mutare,281,453,1084,939,0.35,Fair,1.0
ZW0435,40,Female,Bulawayo,186,848,565,1878,0.42,Fair,1.0
ZW0436,26,Female,Mutare,298,832,475,607,0.63,Good,1.0
ZW0437,29,Male,Chinhoyi,108,679,579,1610,0.42,Fair,1.0
ZW0438,18,Female,Bulawayo,197,808,1491,1958,0.63,Fair,1.0
ZW0439,18,Male,Gokwe,216,355,1144,565,0.44,Poor,0.97
ZW0440,64,Male,Gweru,286,750,1287,1367,0.81,Good,1.0
ZW0441,51,Female,Gweru,287,923,1009,1994,0.54,Poor,1.0
ZW0442,49,Male,Masvingo,93,760,1124,1948,0.45,Poor,1.0
ZW0443,42,Female,Bulawayo,27,198,693,53,0.79,Excellent,0.84
ZW0444,57,Female,Harare,183,687,1321,1753,0.51,Good,1.0
ZW0445,62,Male,Bulawayo,104,381,1294,527,0.37,Excellent,1.0
ZW0446,18,Male,Chinhoyi,91,982,563,610,0.64,Excellent,1.0
ZW0447,33,Male,Harare,74,502,769,1555,0.65,Poor,0.9
ZW0448,56,Male,Chiredzi,66,208,962,1581,0.73,Fair,0.98
ZW0449,22,Female,Chiredzi,257,799,475,1986,0.44,Good,1.0
ZW0450,39,Female,Gokwe,123,298,249,192,0.57,Fair,0.76
ZW0451,46,Male,Chiredzi,229,402,927,1918,0.47,Poor,1.0
ZW0452,20,Female,Gweru,61,426,1105,57,0.35,Poor,0.76
ZW0453,29,Female,Bulawayo,287,253,1127,1460,0.83,Poor,1.0
ZW0454,43,Female,Chiredzi,282,651,763,1134,0.74,Poor,1.0
ZW0455,33,Female,Mutare,278,744,982,128,0.48,Poor,1.0
ZW0456,54,Male,Masvingo,133,504,684,1872,0.66,Poor,0.97
ZW0457,39,Male,Mutare,59,561,1307,705,0.42,Fair,1.0
ZW0458,46,Female,Chiredzi,239,231,783,1948,0.83,Excellent,1.0
ZW0459,31,Male,Gokwe,148,890,435,851,0.37,Fair,0.99
ZW0460,45,Male,Masvingo,27,973,255,1349,0.3,Good,0.94
ZW0461,22,Male,Chinhoyi,120,183,559,7,0.6,Fair,0.78
ZW0462,64,Female,Mutare,195,498,309,28,0.65,Poor,0.77
ZW0463,47,Female,Gokwe,126,853,391,1135,0.65,Fair,1.0
ZW0464,63,Female,Bulawayo,120,727,1103,946,0.33,Excellent,1.0
ZW0465,22,Male,Bulawayo,279,208,1316,1696,0.49,Good,1.0
ZW0466,29,Female,Mutare,265,320,1061,130,0.6,Fair,1.0
ZW0467,33,Female,Chiredzi,294,652,767,187,0.43,Excellent,1.0
ZW0468,43,Male,Gokwe,51,467,1283,1698,0.82,Fair,1.0
ZW0469,43,Female,Bulawayo,156,246,849,708,0.35,Good,0.98
ZW0470,38,Female,Chinhoyi,31,211,238,1498,0.59,Fair,0.78
ZW0471,56,Male,Harare,35,714,1272,1387,0.71,Poor,0.99
ZW0472,53,Male,Chiredzi,148,657,836,1227,0.46,Fair,1.0
ZW0473,50,Male,Gokwe,82,593,1236,211,0.67,Excellent,1.0
ZW0474,47,Female,Chinhoyi,128,604,235,1644,0.8,Fair,0.99
ZW0475,54,Female,Gokwe,40,574,300,275,0.41,Excellent,0.83
ZW0476,40,Female,Masvingo,177,935,1309,1096,0.85,Good,1.0
ZW0477,27,Male,Chinhoyi,288,989,1446,1702,0.63,Fair,1.0
ZW0478,22,Male,Chiredzi,181,370,365,1795,0.48,Good,1.0
ZW0479,53,Female,Masvingo,279,520,582,242,0.56,Good,1.0
ZW0480,51,Female,Chiredzi,121,996,989,1810,0.49,Fair,1.0
ZW0481,48,Male,Bulawayo,242,806,230,1125,0.74,Excellent,1.0
ZW0482,27,Male,Harare,78,466,210,986,0.78,Good,0.89
ZW0483,36,Male,Chiredzi,266,379,295,684,0.8,Good,1.0
ZW0484,49,Male,Chiredzi,147,382,1413,170,0.89,Fair,1.0
ZW0485,18,Female,Bulawayo,44,139,652,652,0.77,Fair,0.79
ZW0486,22,Male,Gweru,150,288,391,1932,0.66,Fair,1.0
ZW0487,62,Female,Bulawayo,215,263,685,187,0.5,Fair,0.92
ZW0488,21,Female,Masvingo,173,635,1489,1464,0.63,Fair,1.0
ZW0489,33,Female,Bulawayo,152,635,1351,1109,0.32,Poor,1.0
ZW0490,41,Male,Bulawayo,246,103,437,1499,0.75,Fair,1.0
ZW0491,33,Male,Harare,208,934,1335,51,0.57,Excellent,1.0
ZW0492,19,Male,Bulawayo,284,389,1368,110,0.31,Good,1.0
ZW0493,45,Male,Gokwe,153,532,1288,1972,0.34,Excellent,1.0
ZW0494,49,Female,Chiredzi,230,570,1470,876,0.53,Excellent,1.0
ZW0495,44,Male,Gokwe,79,280,934,1877,0.65,Poor,0.92
ZW0496,37,Male,Harare,232,347,1190,1066,0.58,Fair,1.0
ZW0497,41,Female,Mutare,235,727,1024,210,0.67,Good,1.0
ZW0498,29,Male,Gweru,245,378,305,1991,0.59,Excellent,1.0
ZW0499,52,Female,Gokwe,150,976,380,1223,0.7,Fair,1.0
ZW0500,50,Female,Harare,95,680,383,1833,0.43,Fair,0.98
ZW0501,50,Female,Masvingo,296,962,425,857,0.37,Poor,1.0
ZW0502,60,Female,Mutare,175,353,976,1775,0.66,Poor,1.0
ZW0503,54,Female,Harare,267,280,989,626,0.59,Poor,0.99
ZW0504,29,Female,Harare,237,929,1312,1049,0.32,Good,1.0
ZW0505,20,Female,Gweru,209,780,887,1942,0.53,Excellent,1.0
ZW0506,18,Female,Chiredzi,182,924,729,298,0.36,Poor,0.93
ZW0507,50,Male,Gokwe,199,608,1171,1100,0.62,Poor,1.0
ZW0508,57,Male,Masvingo,53,860,1135,923,0.54,Poor,0.95
ZW0509,27,Male,Chinhoyi,60,799,305,136,0.67,Excellent,0.91
ZW0510,60,Male,Gokwe,94,665,1494,1043,0.78,Excellent,1.0
ZW0511,61,Female,Chinhoyi,298,425,1030,439,0.48,Poor,1.0
ZW0512,46,Male,Harare,195,456,878,210,0.88,Poor,0.92
ZW0513,30,Female,Bulawayo,169,924,1048,751,0.62,Fair,1.0
ZW0514,29,Male,Masvingo,292,749,1255,1574,0.67,Poor,1.0
ZW0515,48,Male,Mutare,127,779,592,434,0.71,Good,1.0
ZW0516,63,Male,Bulawayo,158,490,239,779,0.7,Good,0.95
ZW0517,19,Female,Bulawayo,290,714,859,1230,0.61,Poor,1.0
ZW0518,52,Male,Gokwe,231,184,1441,438,0.56,Excellent,1.0
ZW0519,40,Female,Masvingo,291,416,1180,1997,0.33,Fair,1.0
ZW0520,34,Female,Chiredzi,85,311,1305,1802,0.31,Excellent,1.0
ZW0521,43,Male,Harare,267,614,1044,665,0.51,Poor,1.0
ZW0522,25,Male,Harare,175,483,400,1065,0.5,Good,1.0
ZW0523,46,Male,Harare,66,790,646,410,0.53,Fair,0.9
ZW0524,43,Female,Harare,220,441,1261,1546,0.38,Excellent,1.0
ZW0525,27,Male,Gokwe,167,914,1434,805,0.74,Excellent,1.0
ZW0526,43,Female,Chinhoyi,143,943,643,609,0.81,Poor,0.95
ZW0527,51,Female,Harare,20,137,960,426,0.86,Fair,0.82
ZW0528,58,Male,Chinhoyi,266,610,426,1298,0.6,Good,1.0
ZW0529,24,Male,Chinhoyi,147,519,247,1471,0.72,Poor,0.87
ZW0530,21,Female,Chiredzi,210,850,1241,901,0.81,Fair,1.0
ZW0531,62,Female,Harare,86,268,1111,941,0.55,Excellent,1.0
ZW0532,28,Female,Gweru,23,442,386,1907,0.49,Poor,0.78
ZW0533,46,Male,Mutare,162,925,544,741,0.86,Excellent,1.0
ZW0534,53,Female,Bulawayo,210,405,423,1392,0.61,Excellent,1.0
ZW0535,42,Male,Chinhoyi,40,641,1029,1961,0.6,Poor,0.98
ZW0536,38,Female,Masvingo,246,801,687,1243,0.41,Poor,1.0
ZW0537,53,Female,Masvingo,136,968,1076,1600,0.36,Poor,1.0
ZW0538,27,Male,Mutare,161,636,1048,1890,0.81,Poor,1.0
ZW0539,54,Female,Masvingo,58,211,1452,1255,0.67,Poor,0.93
ZW0540,26,Male,Gweru,271,510,1178,327,0.5,Excellent,1.0
ZW0541,41,Male,Masvingo,226,305,1216,1466,0.42,Good,1.0
ZW0542,52,Female,Bulawayo,229,284,387,51,0.63,Good,0.93
ZW0543,52,Male,Bulawayo,134,481,469,1909,0.65,Poor,0.93
ZW0544,53,Male,Chinhoyi,244,595,509,1966,0.42,Excellent,1.0
ZW0545,35,Female,Harare,153,478,1355,375,0.81,Good,1.0
ZW0546,56,Male,Chiredzi,270,146,1295,262,0.35,Good,1.0
ZW0547,49,Male,Gweru,238,985,1044,266,0.51,Good,1.0
ZW0548,41,Male,Chinhoyi,110,839,1410,358,0.71,Excellent,1.0
ZW0549,40,Female,Gweru,65,650,685,1340,0.46,Poor,0.86
ZW0550,49,Male,Harare,57,627,1414,1347,0.8,Poor,1.0
ZW0551,54,Female,Gokwe,161,603,319,1944,0.74,Poor,0.96
ZW0552,29,Female,Masvingo,119,121,419,1931,0.77,Fair,0.95
ZW0553,30,Male,Masvingo,209,312,252,1689,0.37,Fair,0.98
ZW0554,40,Male,Chiredzi,54,409,1460,1893,0.38,Fair,1.0
ZW0555,42,Male,Harare,166,760,957,1901,0.47,Excellent,1.0
ZW0556,52,Female,Chinhoyi,49,852,937,651,0.61,Good,1.0
ZW0557,58,Male,Chiredzi,103,371,919,1962,0.75,Good,1.0
ZW0558,47,Male,Harare,289,670,605,1586,0.8,Excellent,1.0
ZW0559,34,Male,Mutare,173,898,807,1652,0.72,Excellent,1.0
ZW0560,37,Male,Bulawayo,121,301,1220,1444,0.86,Poor,1.0
ZW0561,42,Male,Chiredzi,234,131,621,45,0.74,Poor,0.81
ZW0562,39,Female,Chiredzi,169,542,911,1844,0.48,Fair,1.0
ZW0563,30,Female,Chinhoyi,102,261,446,599,0.46,Fair,0.8
ZW0564,36,Male,Gweru,129,866,271,719,0.72,Excellent,1.0
ZW0565,53,Male,Mutare,294,353,384,1912,0.42,Fair,1.0
ZW0566,29,Male,Chinhoyi,220,620,205,1292,0.36,Good,1.0
ZW0567,58,Male,Harare,192,750,1429,600,0.62,Excellent,1.0
ZW0568,36,Female,Harare,225,579,1105,380,0.79,Excellent,1.0
ZW0569,29,Male,Harare,82,109,586,117,0.36,Good,0.77
ZW0570,26,Female,Gokwe,92,825,898,1589,0.78,Poor,1.0
ZW0571,24,Female,Harare,270,604,1299,1976,0.79,Poor,1.0
ZW0572,45,Male,Gweru,143,884,1400,115,0.59,Good,1.0
ZW0573,31,Female,Mutare,140,935,1026,1653,0.33,Good,1.0
ZW0574,48,Female,Masvingo,294,659,548,259,0.4,Fair,1.0
ZW0575,36,Female,Bulawayo,139,535,1478,1098,0.72,Excellent,1.0
ZW0576,64,Female,Gweru,183,210,507,1503,0.73,Fair,1.0
ZW0577,33,Male,Gweru,284,252,1350,304,0.84,Good,1.0
ZW0578,22,Male,Gokwe,180,734,486,6,0.65,Fair,0.94
ZW0579,52,Female,Masvingo,108,968,965,365,0.37,Good,1.0
ZW0580,29,Male,Masvingo,161,201,924,1657,0.37,Fair,1.0
ZW0581,42,Male,Bulawayo,222,852,961,522,0.73,Fair,1.0
ZW0582,38,Male,Bulawayo,246,932,582,1371,0.41,Poor,1.0
ZW0583,53,Male,Masvingo,241,290,587,1461,0.5,Good,1.0
ZW0584,40,Male,Harare,60,828,724,1238,0.59,Fair,1.0
ZW0585,33,Female,Gweru,215,662,838,428,0.31,Excellent,1.0
ZW0586,56,Male,Chinhoyi,87,903,1137,790,0.45,Fair,1.0
ZW0587,62,Male,Bulawayo,283,180,475,1521,0.54,Fair,1.0
ZW0588,59,Male,Gokwe,21,588,699,1563,0.47,Excellent,1.0
ZW0589,56,Male,Gokwe,144,994,916,746,0.38,Good,1.0
ZW0590,31,Female,Bulawayo,129,187,536,366,0.74,Poor,0.73
ZW0591,48,Female,Masvingo,105,293,1131,312,0.79,Poor,0.85
ZW0592,22,Female,Mutare,139,203,680,537,0.45,Poor,0.76
ZW0593,52,Female,Chinhoyi,146,882,1110,920,0.76,Excellent,1.0
ZW0594,40,Male,Chinhoyi,274,195,1496,1077,0.53,Fair,1.0
ZW0595,46,Female,Bulawayo,202,522,1281,1564,0.6,Good,1.0
ZW0596,60,Male,Harare,35,990,308,1490,0.81,Fair,0.97
ZW0597,28,Male,Mutare,81,297,527,864,0.75,Poor,0.76
ZW0598,35,Male,Chinhoyi,177,100,514,1187,0.78,Fair,0.95
ZW0599,64,Male,Bulawayo,287,506,1334,781,0.38,Excellent,1.0
ZW0600,29,Male,Gokwe,54,477,898,333,0.34,Excellent,0.95
ZW0601,26,Female,Chinhoyi,286,266,980,1570,0.84,Good,1.0
ZW0602,27,Female,Chiredzi,83,608,1452,797,0.53,Good,1.0
ZW0603,61,Female,Mutare,69,737,355,347,0.47,Poor,0.72
ZW0604,34,Female,Mutare,274,412,1495,272,0.73,Good,1.0
ZW0605,55,Male,Chiredzi,168,692,1086,962,0.8,Fair,1.0
ZW0606,24,Female,Gweru,295,517,1225,719,0.82,Excellent,1.0
ZW0607,63,Male,Gokwe,191,862,957,1773,0.49,Excellent,1.0
ZW0608,30,Female,Chiredzi,220,780,921,1437,0.81,Excellent,1.0
ZW0609,57,Male,Masvingo,54,576,1112,499,0.32,Good,0.97
ZW0610,59,Male,Masvingo,235,172,1070,1116,0.33,Excellent,1.0
ZW0611,26,Female,Bulawayo,84,240,212,684,0.67,Excellent,0.86
ZW0612,44,Male,Mutare,27,681,807,78,0.34,Excellent,0.92
ZW0613,19,Male,Gweru,95,361,697,621,0.49,Poor,0.77
ZW0614,22,Female,Gweru,193,439,437,1240,0.7,Poor,0.91
ZW0615,46,Male,Chinhoyi,66,407,1317,946,0.5,Good,1.0
ZW0616,54,Female,Chinhoyi,34,344,980,357,0.41,Excellent,0.93
ZW0617,55,Female,Chiredzi,166,614,1394,617,0.47,Good,1.0
ZW0618,36,Female,Gweru,45,436,805,506,0.57,Excellent,0.95
ZW0619,25,Male,Chiredzi,112,674,860,1582,0.59,Excellent,1.0
ZW0620,62,Male,Gokwe,251,660,1048,1204,0.77,Excellent,1.0
ZW0621,18,Male,Chiredzi,40,175,1135,575,0.75,Good,0.93
ZW0622,39,Female,Chinhoyi,57,979,827,1269,0.57,Good,1.0
ZW0623,34,Male,Mutare,295,274,342,243,0.81,Excellent,1.0
ZW0624,24,Female,Chiredzi,176,208,1424,505,0.37,Fair,1.0
ZW0625,42,Female,Harare,198,282,1403,421,0.45,Good,1.0
ZW0626,62,Male,Mutare,151,291,913,1343,0.8,Poor,0.96
ZW0627,21,Female,Gweru,47,164,678,1110,0.53,Good,0.88
ZW0628,53,Male,Gweru,279,948,764,216,0.89,Excellent,1.0
ZW0629,23,Male,Chiredzi,95,573,670,1513,0.58,Fair,1.0
ZW0630,48,Male,Mutare,86,882,583,1542,0.78,Excellent,1.0
ZW0631,36,Male,Chinhoyi,213,199,1125,1301,0.54,Poor,1.0
ZW0632,61,Male,Chinhoyi,181,643,616,1872,0.55,Good,1.0
ZW0633,56,Female,Masvingo,276,963,507,1745,0.53,Good,1.0
ZW0634,44,Female,Gweru,91,227,848,1008,0.73,Excellent,1.0
ZW0635,27,Female,Bulawayo,106,551,1224,1192,0.63,Excellent,1.0
ZW0636,43,Male,Masvingo,281,468,1267,329,0.87,Poor,1.0
ZW0637,36,Male,Chinhoyi,233,950,938,649,0.45,Fair,1.0
ZW0638,56,Male,Mutare,172,142,1321,1464,0.36,Poor,1.0
ZW0639,20,Female,Gokwe,229,983,1488,390,0.54,Fair,1.0
ZW0640,62,Male,Chinhoyi,80,518,339,1519,0.67,Good,0.97
ZW0641,30,Female,Mutare,287,587,1460,380,0.82,Fair,1.0
ZW0642,45,Female,Masvingo,281,177,1173,1329,0.51,Fair,1.0
ZW0643,37,Male,Gweru,237,925,1216,741,0.69,Good,1.0
ZW0644,45,Male,Chinhoyi,155,900,1152,819,0.51,Good,1.0
ZW0645,25,Female,Chiredzi,112,369,1103,672,0.67,Good,1.0
ZW0646,58,Male,Mutare,128,773,271,512,0.83,Poor,0.82
ZW0647,56,Female,Gweru,260,800,1413,1771,0.44,Good,1.0
ZW0648,18,Male,Gokwe,161,858,1491,948,0.54,Excellent,1.0
ZW0649,20,Male,Gokwe,256,999,306,1211,0.9,Good,1.0
ZW0650,30,Female,Bulawayo,196,827,1455,929,0.82,Good,1.0
ZW0651,45,Male,Mutare,160,414,1265,1539,0.64,Good,1.0
ZW0652,42,Female,Masvingo,208,950,1082,912,0.61,Fair,1.0
ZW0653,50,Male,Bulawayo,68,988,338,643,0.47,Poor,0.79
ZW0654,55,Female,Bulawayo,209,267,814,426,0.61,Good,1.0
ZW0655,23,Female,Harare,155,438,1062,501,0.81,Poor,0.94
ZW0656,61,Male,Chinhoyi,62,292,472,729,0.71,Excellent,0.91
ZW0657,62,Female,Mutare,109,552,615,1283,0.47,Excellent,1.0
ZW0658,49,Male,Bulawayo,264,382,705,1536,0.42,Good,1.0
ZW0659,62,Male,Harare,211,435,932,70,0.46,Excellent,1.0
ZW0660,64,Male,Masvingo,125,489,623,477,0.4,Poor,0.79
ZW0661,38,Female,Gweru,252,624,589,1201,0.36,Fair,1.0
ZW0662,33,Female,Chiredzi,284,339,541,456,0.55,Good,1.0
ZW0663,38,Male,Chiredzi,56,931,1145,188,0.37,Excellent,1.0
ZW0664,28,Male,Mutare,60,582,813,290,0.4,Poor,0.76
ZW0665,54,Female,Bulawayo,36,758,692,1543,0.63,Poor,0.89
ZW0666,53,Male,Chiredzi,296,815,391,1788,0.4,Excellent,1.0
ZW0667,52,Male,Chinhoyi,78,691,698,919,0.34,Poor,0.83
ZW0668,36,Female,Chiredzi,202,990,1021,291,0.49,Poor,1.0
ZW0669,37,Male,Chiredzi,60,654,1456,1969,0.43,Good,1.0
ZW0670,35,Female,Chiredzi,58,557,426,755,0.61,Poor,0.74
ZW0671,64,Male,Gokwe,211,188,338,1658,0.36,Excellent,1.0
ZW0672,58,Female,Harare,286,759,1055,1834,0.75,Good,1.0
ZW0673,31,Male,Bulawayo,166,194,1016,1306,0.84,Excellent,1.0
ZW0674,32,Male,Chinhoyi,146,551,1372,1567,0.75,Fair,1.0
ZW0675,48,Female,Bulawayo,65,527,1338,1869,0.62,Excellent,1.0
ZW0676,18,Male,Gokwe,64,250,1286,376,0.82,Excellent,1.0
ZW0677,20,Female,Mutare,20,613,303,1681,0.72,Good,0.94
ZW0678,33,Male,Mutare,187,475,1070,1179,0.31,Poor,0.99
ZW0679,40,Female,Mutare,127,121,867,507,0.54,Excellent,0.98
ZW0680,28,Female,Masvingo,38,982,472,1436,0.81,Good,1.0
ZW0681,29,Female,Chiredzi,91,412,1229,527,0.51,Fair,0.97
ZW0682,27,Female,Masvingo,128,939,1370,1378,0.32,Good,1.0
ZW0683,49,Male,Harare,287,618,383,558,0.75,Good,1.0
ZW0684,33,Male,Mutare,259,305,1251,1786,0.78,Poor,1.0
ZW0685,25,Female,Gokwe,109,474,1342,1210,0.4,Excellent,1.0
ZW0686,55,Female,Chinhoyi,122,550,492,1054,0.62,Fair,0.95
ZW0687,29,Female,Bulawayo,269,725,1467,259,0.42,Good,1.0
ZW0688,41,Male,Chiredzi,27,883,1441,420,0.73,Excellent,1.0
ZW0689,45,Male,Gweru,172,694,376,1552,0.46,Excellent,1.0
ZW0690,25,Male,Chinhoyi,193,278,257,1574,0.49,Good,1.0
ZW0691,45,Male,Chiredzi,177,309,1492,303,0.81,Excellent,1.0
ZW0692,53,Female,Masvingo,234,599,507,941,0.59,Good,1.0
ZW0693,43,Female,Masvingo,196,563,1176,1967,0.7,Good,1.0
ZW0694,25,Female,Chinhoyi,194,939,1328,1062,0.54,Good,1.0
ZW0695,45,Male,Masvingo,165,223,1451,1512,0.48,Fair,1.0
ZW0696,45,Male,Mutare,180,212,1470,1667,0.68,Good,1.0
ZW0697,54,Male,Harare,146,111,899,541,0.39,Poor,0.79
ZW0698,58,Female,Bulawayo,101,225,282,1693,0.52,Excellent,0.97
ZW0699,53,Female,Harare,166,664,1409,1301,0.43,Fair,1.0
ZW0700,44,Male,Chiredzi,258,430,451,1226,0.72,Excellent,1.0
ZW0701,34,Female,Bulawayo,103,382,995,1089,0.87,Fair,1.0
ZW0702,26,Male,Gokwe,132,239,1096,107,0.9,Poor,0.85
ZW0703,50,Male,Bulawayo,244,500,409,267,0.57,Fair,0.96
ZW0704,37,Female,Harare,262,196,1015,221,0.45,Fair,1.0
ZW0705,30,Male,Chinhoyi,162,616,808,1827,0.57,Fair,1.0
ZW0706,45,Female,Bulawayo,60,668,646,1553,0.81,Excellent,1.0
ZW0707,46,Male,Gokwe,277,945,659,1113,0.42,Good,1.0
ZW0708,30,Female,Gokwe,124,168,1167,692,0.87,Excellent,1.0
ZW0709,63,Female,Gokwe,221,217,671,254,0.51,Good,0.97
ZW0710,52,Female,Harare,285,987,569,1478,0.89,Excellent,1.0
ZW0711,23,Male,Bulawayo,229,158,1099,252,0.8,Poor,0.94
ZW0712,35,Male,Gweru,70,132,1122,256,0.79,Poor,0.78
ZW0713,22,Female,Chinhoyi,137,417,336,382,0.49,Fair,0.82
ZW0714,64,Female,Mutare,220,149,566,441,0.31,Poor,0.79
ZW0715,42,Male,Bulawayo,58,979,1111,1881,0.53,Fair,1.0
ZW0716,19,Male,Gokwe,47,588,383,598,0.48,Good,0.85
ZW0717,27,Male,Gweru,278,118,671,1113,0.32,Poor,0.93
ZW0718,47,Female,Mutare,103,825,853,1772,0.6,Good,1.0
ZW0719,62,Male,Mutare,174,296,948,389,0.54,Excellent,1.0
ZW0720,22,Male,Chiredzi,136,990,736,581,0.68,Good,1.0
ZW0721,50,Female,Bulawayo,21,549,1001,1067,0.67,Excellent,1.0
ZW0722,18,Male,Harare,112,658,1473,1735,0.37,Good,1.0
ZW0723,35,Male,Bulawayo,185,778,1119,1687,0.89,Good,1.0
ZW0724,49,Male,Gweru,277,551,709,597,0.41,Poor,0.98
ZW0725,64,Female,Mutare,100,388,829,18,0.57,Good,0.9
ZW0726,28,Female,Bulawayo,287,240,1201,1124,0.59,Poor,1.0
ZW0727,38,Female,Harare,254,183,1296,1937,0.79,Poor,1.0
ZW0728,43,Female,Chiredzi,232,793,1115,606,0.36,Fair,1.0
ZW0729,42,Female,Bulawayo,81,490,1233,1789,0.56,Fair,1.0
ZW0730,39,Female,Chinhoyi,68,690,1434,1380,0.68,Excellent,1.0
ZW0731,44,Female,Chiredzi,146,314,351,1565,0.43,Good,0.98
ZW0732,30,Male,Harare,242,625,1228,1784,0.68,Excellent,1.0
ZW0733,50,Male,Gweru,298,314,1418,1961,0.85,Good,1.0
ZW0734,51,Female,Mutare,296,502,663,32,0.9,Fair,1.0
ZW0735,58,Male,Bulawayo,126,227,1336,1993,0.32,Fair,1.0
ZW0736,52,Male,Harare,165,921,470,1252,0.44,Good,1.0
ZW0737,18,Female,Chiredzi,118,576,1386,1547,0.49,Good,1.0
ZW0738,38,Male,Chinhoyi,92,859,659,1653,0.54,Fair,1.0
ZW0739,23,Male,Harare,141,503,304,861,0.45,Fair,0.88
ZW0740,45,Male,Masvingo,49,128,361,154,0.42,Excellent,0.75
ZW0741,34,Male,Gokwe,207,891,550,1446,0.87,Fair,1.0
ZW0742,22,Male,Chinhoyi,214,437,633,904,0.85,Good,1.0
ZW0743,48,Female,Chiredzi,175,930,1051,1269,0.33,Excellent,1.0
ZW0744,22,Female,Gweru,191,813,339,404,0.5,Good,1.0
ZW0745,55,Female,Mutare,60,460,1355,843,0.54,Poor,0.91
ZW0746,20,Male,Chiredzi,82,668,286,1782,0.44,Excellent,1.0
ZW0747,40,Female,Gokwe,42,491,382,1564,0.68,Good,0.94
ZW0748,54,Male,Gweru,94,317,567,1184,0.68,Fair,0.91
ZW0749,54,Male,Bulawayo,67,673,328,746,0.81,Poor,0.77
ZW0750,27,Male,Harare,179,768,1469,1725,0.74,Good,1.0
ZW0751,27,Male,Masvingo,137,301,869,1140,0.63,Excellent,1.0
ZW0752,36,Female,Chinhoyi,119,116,348,270,0.69,Good,0.81
ZW0753,34,Female,Chinhoyi,186,421,1184,769,0.46,Poor,0.98
ZW0754,38,Male,Harare,175,617,1051,1715,0.66,Excellent,1.0
ZW0755,31,Female,Masvingo,26,669,827,1510,0.59,Poor,0.89
ZW0756,26,Male,Harare,215,424,645,1908,0.38,Good,1.0
ZW0757,63,Female,Bulawayo,75,511,1083,171,0.45,Fair,0.91
ZW0758,18,Female,Gokwe,212,417,493,1973,0.48,Fair,1.0
ZW0759,62,Male,Gweru,66,780,1366,273,0.85,Good,1.0
ZW0760,30,Female,Chiredzi,167,181,449,258,0.44,Good,0.86
ZW0761,21,Male,Chinhoyi,294,573,1077,1158,0.47,Good,1.0
ZW0762,18,Female,Bulawayo,176,567,1147,1706,0.52,Excellent,1.0
ZW0763,57,Male,Gweru,221,524,1174,1745,0.7,Poor,1.0
ZW0764,49,Male,Bulawayo,145,830,1248,1771,0.37,Poor,1.0
ZW0765,51,Female,Masvingo,83,788,988,421,0.87,Poor,0.92
ZW0766,45,Female,Chinhoyi,195,303,1183,1444,0.82,Good,1.0
ZW0767,48,Male,Chiredzi,135,682,1088,1209,0.65,Poor,1.0
ZW0768,25,Female,Harare,223,486,1089,1952,0.7,Good,1.0
ZW0769,56,Female,Harare,50,877,269,363,0.31,Excellent,0.9
ZW0770,43,Male,Gweru,132,197,824,1978,0.5,Fair,1.0
ZW0771,51,Male,Chiredzi,86,444,1074,1630,0.78,Good,1.0
ZW0772,20,Female,Gokwe,94,902,1335,377,0.35,Good,1.0
ZW0773,29,Male,Mutare,64,307,670,1546,0.47,Fair,0.91
ZW0774,18,Male,Masvingo,279,613,290,579,0.65,Fair,1.0
ZW0775,61,Male,Gweru,173,735,729,890,0.45,Excellent,1.0
ZW0776,22,Female,Mutare,174,891,860,721,0.86,Poor,1.0
ZW0777,47,Female,Bulawayo,253,685,938,1219,0.38,Good,1.0
ZW0778,47,Male,Masvingo,70,265,925,880,0.78,Poor,0.82
ZW0779,34,Female,Bulawayo,281,121,1071,1121,0.6,Good,1.0
ZW0780,64,Male,Gokwe,144,253,391,604,0.75,Excellent,0.96
ZW0781,40,Female,Chiredzi,264,538,1465,21,0.49,Fair,1.0
ZW0782,32,Male,Chinhoyi,49,394,337,1473,0.61,Excellent,0.95
ZW0783,54,Male,Masvingo,141,318,544,1195,0.81,Fair,0.96
ZW0784,38,Female,Mutare,144,768,1403,382,0.58,Poor,1.0
ZW0785,31,Male,Gokwe,56,594,1208,133,0.52,Poor,0.83
ZW0786,19,Female,Chinhoyi,189,329,702,1449,0.62,Excellent,1.0
ZW0787,28,Female,Harare,143,119,402,1048,0.73,Fair,0.88
ZW0788,56,Male,Mutare,54,652,772,502,0.57,Excellent,1.0
ZW0789,55,Male,Gweru,106,247,391,1208,0.86,Fair,0.89
ZW0790,51,Female,Harare,153,207,204,1108,0.48,Fair,0.84
ZW0791,55,Male,Gokwe,215,502,1460,1590,0.59,Poor,1.0
ZW0792,51,Male,Harare,293,695,510,1786,0.75,Poor,1.0
ZW0793,35,Male,Gweru,220,582,748,143,0.71,Fair,1.0
ZW0794,47,Male,Masvingo,96,466,255,1886,0.82,Fair,0.96
ZW0795,32,Male,Harare,78,933,642,1933,0.9,Fair,1.0
ZW0796,44,Female,Chiredzi,145,513,1460,1702,0.56,Poor,1.0
ZW0797,51,Female,Mutare,128,408,1069,1435,0.37,Poor,0.95
ZW0798,55,Male,Chinhoyi,243,901,1420,223,0.32,Good,1.0
ZW0799,50,Male,Harare,297,934,784,219,0.74,Fair,1.0
ZW0800,41,Male,Mutare,87,233,951,178,0.82,Good,0.92
ZW0801,32,Female,Bulawayo,88,818,559,1654,0.43,Fair,1.0
ZW0802,47,Male,Mutare,184,382,1018,432,0.4,Poor,0.9
ZW0803,59,Female,Chinhoyi,181,877,229,264,0.34,Good,0.96
ZW0804,34,Female,Mutare,61,172,307,953,0.79,Good,0.83
ZW0805,22,Female,Gweru,128,580,1043,428,0.49,Excellent,1.0
ZW0806,46,Male,Gokwe,70,451,916,1685,0.54,Fair,1.0
ZW0807,21,Female,Chinhoyi,269,659,1090,415,0.6,Poor,1.0
ZW0808,27,Male,Gokwe,40,425,1159,1476,0.8,Excellent,1.0
ZW0809,34,Female,Masvingo,158,844,1092,726,0.69,Excellent,1.0
ZW0810,27,Male,Gokwe,111,542,931,196,0.67,Fair,0.94
ZW0811,34,Female,Bulawayo,299,199,805,1577,0.41,Excellent,1.0
ZW0812,37,Male,Gweru,144,158,656,1076,0.61,Fair,0.93
ZW0813,41,Female,Masvingo,130,607,814,479,0.73,Excellent,1.0
ZW0814,22,Male,Mutare,158,357,897,1466,0.88,Fair,1.0
ZW0815,51,Male,Chinhoyi,292,512,873,1353,0.42,Poor,1.0
ZW0816,23,Male,Bulawayo,118,551,1470,1274,0.31,Fair,1.0
ZW0817,19,Male,Gweru,271,164,742,1830,0.35,Fair,1.0
ZW0818,30,Female,Masvingo,123,694,1056,889,0.53,Good,1.0
ZW0819,60,Female,Masvingo,233,253,1096,1806,0.79,Poor,1.0
ZW0820,60,Male,Bulawayo,268,365,477,1990,0.3,Poor,1.0
ZW0821,28,Female,Chiredzi,171,920,751,924,0.57,Poor,1.0
ZW0822,64,Male,Mutare,269,178,310,122,0.5,Excellent,0.98
ZW0823,40,Male,Bulawayo,294,414,584,1902,0.33,Good,1.0
ZW0824,33,Female,Masvingo,184,761,960,1410,0.57,Poor,1.0
ZW0825,48,Male,Harare,27,659,1414,1362,0.45,Excellent,1.0
ZW0826,28,Male,Gweru,24,990,893,777,0.51,Excellent,1.0
ZW0827,33,Female,Bulawayo,164,347,604,347,0.72,Excellent,1.0
ZW0828,25,Male,Chiredzi,120,889,1432,28,0.61,Good,1.0
ZW0829,21,Male,Masvingo,183,967,221,974,0.37,Excellent,1.0
ZW0830,57,Male,Mutare,166,709,877,34,0.88,Good,1.0
ZW0831,21,Male,Gokwe,83,513,810,1541,0.68,Fair,1.0
ZW0832,42,Female,Masvingo,110,124,1431,1419,0.76,Excellent,1.0
ZW0833,20,Female,Mutare,136,383,207,622,0.35,Poor,0.7
ZW0834,49,Female,Bulawayo,286,548,901,1317,0.33,Excellent,1.0
ZW0835,20,Male,Mutare,192,980,728,588,0.31,Fair,1.0
ZW0836,44,Male,Chinhoyi,66,400,801,1372,0.41,Fair,0.93
ZW0837,46,Female,Chinhoyi,159,167,856,1170,0.55,Excellent,1.0
ZW0838,49,Male,Chinhoyi,265,106,365,1090,0.86,Fair,1.0
ZW0839,36,Male,Chiredzi,168,916,1048,903,0.57,Good,1.0
ZW0840,38,Male,Chiredzi,265,236,695,519,0.47,Good,1.0
ZW0841,22,Male,Harare,24,263,789,121,0.64,Excellent,0.86
ZW0842,35,Female,Chiredzi,203,182,628,339,0.37,Good,0.94
ZW0843,45,Female,Gokwe,39,996,973,174,0.67,Good,1.0
ZW0844,59,Female,Bulawayo,65,749,362,1923,0.64,Poor,0.89
ZW0845,39,Male,Masvingo,31,519,565,1714,0.78,Excellent,1.0
ZW0846,38,Female,Masvingo,89,172,1462,596,0.89,Fair,1.0
ZW0847,23,Female,Harare,36,336,271,450,0.45,Excellent,0.8
ZW0848,18,Male,Chiredzi,166,145,854,556,0.61,Good,0.98
ZW0849,22,Male,Gokwe,173,717,468,1159,0.85,Poor,0.96
ZW0850,58,Female,Mutare,127,899,614,1878,0.77,Excellent,1.0
ZW0851,29,Female,Harare,255,361,1468,1039,0.59,Excellent,1.0
ZW0852,43,Female,Gokwe,89,275,1215,1356,0.87,Good,1.0
ZW0853,63,Female,Mutare,202,265,874,1218,0.33,Good,1.0
ZW0854,51,Male,Gokwe,269,756,1283,1519,0.86,Excellent,1.0
ZW0855,31,Female,Mutare,247,941,205,8,0.33,Good,1.0
ZW0856,43,Female,Gweru,121,469,1181,1851,0.63,Good,1.0
ZW0857,62,Male,Gokwe,94,894,769,333,0.83,Good,1.0
ZW0858,44,Female,Masvingo,235,153,606,1356,0.46,Good,1.0
ZW0859,26,Male,Chinhoyi,222,789,1440,1016,0.58,Good,1.0
ZW0860,43,Male,Chiredzi,211,518,225,326,0.49,Poor,0.79
ZW0861,64,Male,Mutare,268,855,1228,14,0.87,Good,1.0
ZW0862,39,Female,Gweru,261,606,1185,838,0.79,Fair,1.0
ZW0863,64,Female,Gokwe,198,440,589,1637,0.73,Excellent,1.0
ZW0864,47,Male,Masvingo,238,226,909,225,0.65,Poor,0.9
ZW0865,60,Female,Chinhoyi,101,508,770,1448,0.79,Poor,0.93
ZW0866,34,Female,Mutare,111,466,953,1813,0.54,Good,1.0
ZW0867,43,Male,Gokwe,194,370,345,1431,0.57,Excellent,1.0
ZW0868,53,Male,Gokwe,258,743,984,112,0.74,Fair,1.0
ZW0869,18,Female,Mutare,279,704,1472,1451,0.51,Good,1.0
ZW0870,25,Male,Harare,182,478,725,0,0.34,Excellent,1.0
ZW0871,52,Female,Harare,67,172,212,265,0.34,Good,0.7
ZW0872,32,Female,Masvingo,135,347,1102,1514,0.37,Good,1.0
ZW0873,64,Female,Chinhoyi,244,959,583,1231,0.82,Good,1.0
ZW0874,39,Female,Mutare,166,884,755,1645,0.58,Good,1.0
ZW0875,31,Male,Masvingo,82,142,1086,1735,0.73,Good,1.0
ZW0876,43,Male,Masvingo,32,476,218,951,0.54,Good,0.82
ZW0877,45,Male,Bulawayo,208,140,774,1392,0.46,Good,1.0
ZW0878,40,Male,Gokwe,227,269,950,305,0.51,Fair,1.0
ZW0879,31,Female,Chiredzi,133,311,1203,11,0.78,Poor,0.86
ZW0880,41,Female,Gokwe,41,592,618,1368,0.68,Fair,0.94
ZW0881,19,Male,Harare,233,779,618,1488,0.86,Good,1.0
ZW0882,62,Female,Chinhoyi,190,138,321,1723,0.71,Good,1.0
ZW0883,43,Female,Gokwe,73,468,631,1689,0.64,Fair,0.98
ZW0884,31,Female,Mutare,145,856,243,1517,0.67,Fair,1.0
ZW0885,24,Male,Masvingo,296,250,580,1391,0.87,Poor,1.0
ZW0886,20,Male,Mutare,223,210,344,1869,0.77,Fair,1.0
ZW0887,64,Male,Bulawayo,213,579,562,936,0.31,Poor,0.92
ZW0888,40,Female,Chinhoyi,188,535,1273,419,0.62,Good,1.0
ZW0889,63,Male,Masvingo,171,146,1288,888,0.71,Excellent,1.0
ZW0890,60,Male,Mutare,54,674,554,1814,0.75,Excellent,1.0
ZW0891,64,Male,Harare,203,836,999,170,0.43,Excellent,1.0
ZW0892,62,Male,Chiredzi,76,465,1387,133,0.82,Excellent,1.0
ZW0893,35,Male,Bulawayo,241,168,1364,964,0.87,Good,1.0
ZW0894,55,Male,Chinhoyi,182,398,1025,1450,0.44,Excellent,1.0
ZW0895,52,Female,Bulawayo,38,901,1351,1048,0.83,Fair,1.0
ZW0896,32,Female,Harare,283,395,597,1553,0.36,Fair,1.0
ZW0897,42,Male,Chinhoyi,132,302,1079,1213,0.33,Excellent,1.0
ZW0898,54,Male,Bulawayo,49,160,662,1164,0.38,Fair,0.82
ZW0899,45,Female,Gweru,154,929,1007,1578,0.33,Poor,1.0
ZW0900,27,Female,Harare,86,413,386,1869,0.81,Good,1.0
ZW0901,56,Male,Harare,84,260,931,1819,0.34,Excellent,1.0
ZW0902,34,Male,Harare,44,430,1413,657,0.46,Excellent,1.0
ZW0903,56,Male,Gweru,56,627,628,1338,0.36,Good,0.98
ZW0904,39,Male,Gweru,20,437,1057,1467,0.48,Fair,0.96
ZW0905,43,Female,Mutare,56,705,436,1342,0.35,Good,0.95
ZW0906,61,Male,Masvingo,160,403,1417,1464,0.7,Good,1.0
ZW0907,42,Male,Chiredzi,251,602,970,1115,0.38,Fair,1.0
ZW0908,34,Male,Bulawayo,155,749,957,178,0.81,Good,1.0
ZW0909,30,Male,Mutare,207,437,335,1079,0.79,Fair,1.0
ZW0910,37,Female,Bulawayo,147,649,991,1178,0.31,Fair,1.0
ZW0911,42,Female,Chiredzi,220,738,370,1695,0.84,Good,1.0
ZW0912,21,Female,Masvingo,146,374,358,110,0.32,Poor,0.69
ZW0913,27,Male,Gweru,276,263,400,136,0.44,Fair,0.92
ZW0914,20,Male,Masvingo,183,542,1161,231,0.32,Good,1.0
ZW0915,58,Female,Gweru,54,418,782,991,0.5,Fair,0.89
ZW0916,62,Male,Chiredzi,213,688,1075,467,0.61,Poor,1.0
ZW0917,35,Male,Masvingo,210,603,570,731,0.78,Poor,0.95
ZW0918,64,Female,Mutare,123,785,302,480,0.5,Excellent,0.99
ZW0919,53,Female,Chinhoyi,42,486,1201,1091,0.72,Fair,1.0
ZW0920,64,Female,Mutare,284,969,1348,813,0.41,Fair,1.0
ZW0921,39,Female,Bulawayo,279,932,1175,1272,0.75,Good,1.0
ZW0922,51,Male,Mutare,94,987,997,993,0.44,Fair,1.0
ZW0923,64,Male,Chiredzi,91,702,1453,322,0.39,Excellent,1.0
ZW0924,25,Female,Harare,278,849,857,921,0.41,Poor,1.0
ZW0925,57,Male,Bulawayo,207,875,1081,903,0.41,Poor,1.0
ZW0926,61,Female,Masvingo,192,790,1420,1541,0.61,Excellent,1.0
ZW0927,36,Female,Bulawayo,64,593,932,1999,0.81,Fair,1.0
ZW0928,59,Male,Chinhoyi,80,589,622,1815,0.35,Fair,0.99
ZW0929,58,Female,Gweru,102,820,771,1455,0.72,Excellent,1.0
ZW0930,54,Male,Masvingo,142,172,370,1510,0.69,Good,0.97
ZW0931,23,Male,Gokwe,35,608,372,605,0.82,Poor,0.72
ZW0932,43,Male,Bulawayo,85,489,862,428,0.45,Excellent,0.99
ZW0933,51,Male,Masvingo,164,718,652,1292,0.57,Excellent,1.0
ZW0934,62,Female,Masvingo,181,956,549,1732,0.86,Fair,1.0
ZW0935,23,Male,Masvingo,253,394,693,1560,0.7,Poor,1.0
ZW0936,54,Female,Gweru,163,468,819,147,0.53,Fair,0.94
ZW0937,50,Female,Gokwe,207,895,1227,1141,0.38,Excellent,1.0
ZW0938,39,Female,Chiredzi,32,964,1316,849,0.46,Good,1.0
ZW0939,38,Female,Mutare,203,793,1118,366,0.65,Poor,1.0
ZW0940,23,Male,Masvingo,130,648,205,849,0.73,Excellent,1.0
ZW0941,23,Male,Harare,234,748,487,1089,0.37,Excellent,1.0
ZW0942,21,Female,Chiredzi,139,949,1369,1993,0.66,Good,1.0
ZW0943,47,Female,Chinhoyi,74,667,807,812,0.63,Excellent,1.0
ZW0944,28,Male,Gweru,46,286,656,1393,0.61,Excellent,0.98
ZW0945,47,Female,Bulawayo,137,952,1425,174,0.71,Poor,1.0
ZW0946,48,Male,Gweru,240,869,1435,1854,0.8,Poor,1.0
ZW0947,41,Female,Bulawayo,250,544,1229,587,0.49,Poor,1.0
ZW0948,26,Male,Gweru,72,669,823,494,0.83,Fair,0.95
ZW0949,20,Female,Bulawayo,252,462,575,972,0.4,Good,1.0
ZW0950,48,Female,Masvingo,177,222,646,1137,0.4,Poor,0.85
ZW0951,57,Male,Mutare,288,287,1034,1134,0.46,Fair,1.0
ZW0952,54,Female,Bulawayo,40,841,1329,1784,0.37,Fair,1.0
ZW0953,53,Female,Gokwe,72,779,1010,1462,0.44,Good,1.0
ZW0954,41,Male,Bulawayo,294,519,1319,1738,0.36,Good,1.0
ZW0955,48,Female,Harare,233,725,1158,1170,0.79,Excellent,1.0
ZW0956,23,Male,Bulawayo,50,351,1048,34,0.38,Fair,0.82
ZW0957,19,Male,Harare,202,718,1008,998,0.75,Poor,1.0
ZW0958,37,Female,Chinhoyi,42,648,1178,1332,0.33,Good,1.0
ZW0959,45,Female,Masvingo,51,434,615,537,0.87,Fair,0.85
ZW0960,28,Female,Harare,93,191,925,749,0.73,Poor,0.81
ZW0961,21,Female,Mutare,29,629,653,1037,0.3,Fair,0.87
ZW0962,32,Female,Chiredzi,73,965,1416,373,0.76,Good,1.0
ZW0963,23,Female,Masvingo,71,162,349,556,0.61,Excellent,0.84
ZW0964,47,Female,Harare,167,761,958,1451,0.77,Fair,1.0
ZW0965,55,Male,Masvingo,179,611,978,1751,0.61,Poor,1.0
ZW0966,19,Female,Gokwe,33,238,1172,232,0.68,Good,0.91
ZW0967,32,Male,Masvingo,197,797,962,704,0.77,Excellent,1.0
ZW0968,28,Female,Masvingo,72,284,1201,562,0.54,Poor,0.83
ZW0969,25,Female,Chinhoyi,41,304,275,938,0.3,Poor,0.63
ZW0970,43,Male,Mutare,49,871,798,886,0.81,Poor,0.9
ZW0971,62,Female,Gweru,210,313,1493,725,0.53,Fair,1.0
ZW0972,61,Female,Gweru,279,355,424,1686,0.6,Good,1.0
ZW0973,22,Male,Harare,224,234,312,1463,0.3,Poor,0.86
ZW0974,23,Female,Masvingo,78,672,450,1525,0.6,Fair,0.96
ZW0975,43,Female,Harare,283,974,1456,1298,0.89,Good,1.0
ZW0976,21,Female,Chinhoyi,31,921,1040,1873,0.47,Good,1.0
ZW0977,36,Male,Chinhoyi,138,187,913,75,0.54,Fair,0.87
ZW0978,37,Female,Bulawayo,267,935,1306,438,0.71,Fair,1.0
ZW0979,50,Female,Gokwe,146,306,324,1755,0.79,Poor,0.88
ZW0980,37,Female,Chinhoyi,94,228,1398,1883,0.55,Good,1.0
ZW0981,29,Female,Bulawayo,223,922,1292,1979,0.49,Excellent,1.0
ZW0982,64,Male,Mutare,68,102,1270,698,0.86,Fair,0.95
ZW0983,18,Male,Harare,98,853,1083,1312,0.71,Good,1.0
ZW0984,43,Female,Chiredzi,260,220,1479,914,0.37,Good,1.0
ZW0985,31,Female,Mutare,173,484,229,1563,0.34,Poor,0.86
ZW0986,55,Male,Chinhoyi,293,713,480,890,0.59,Excellent,1.0
ZW0987,54,Male,Mutare,115,137,1123,691,0.43,Poor,0.83
ZW0988,28,Female,Mutare,233,440,1460,252,0.45,Excellent,1.0
ZW0989,53,Male,Gokwe,228,744,1471,1149,0.83,Excellent,1.0
ZW0990,30,Female,Gokwe,107,813,567,1200,0.35,Fair,0.99
ZW0991,60,Male,Gokwe,283,959,694,1060,0.73,Good,1.0
ZW0992,20,Male,Mutare,176,120,1248,409,0.46,Good,1.0
ZW0993,50,Male,Chinhoyi,175,341,917,1634,0.76,Good,1.0
ZW0994,23,Male,Chiredzi,158,554,1216,1633,0.73,Excellent,1.0
ZW0995,27,Female,Masvingo,140,720,805,126,0.3,Good,0.99
ZW0996,22,Male,Mutare,84,402,574,1506,0.61,Fair,0.94
ZW0997,40,Male,Bulawayo,126,695,838,1191,0.38,Excellent,1.0
ZW0998,27,Female,Chinhoyi,166,694,1248,591,0.82,Excellent,1.0
ZW0999,61,Male,Mutare,156,902,315,293,0.82,Excellent,1.0
ZW1000,19,Male,Chiredzi,181,168,247,1868,0.55,Excellent,1.0
